# generated by tools/voicebank/gen.py from phrases.txt; id<TAB>match words
n0	
n1	
n2	
n3	
n4	
n5	
n6	
n7	
n8	
n9	
n10	
n11	
n12	
n13	
n14	
n15	
n16	
n17	
n18	
n19	
n20	
n21	
n22	
n23	
n24	
n25	
n26	
n27	
n28	
n29	
n30	
n31	
n32	
n33	
n34	
n35	
n36	
n37	
n38	
n39	
n40	
n41	
n42	
n43	
n44	
n45	
n46	
n47	
n48	
n49	
n50	
n51	
n52	
n53	
n54	
n55	
n56	
n57	
n58	
n59	
n60	
n61	
n62	
n63	
n64	
n65	
n66	
n67	
n68	
n69	
n70	
n71	
n72	
n73	
n74	
n75	
n76	
n77	
n78	
n79	
n80	
n81	
n82	
n83	
n84	
n85	
n86	
n87	
n88	
n89	
n90	
n91	
n92	
n93	
n94	
n95	
n96	
n97	
n98	
n99	
hundred	
thousand	
point	
h1	
h2	
h3	
h4	
h5	
h6	
h7	
h8	
h9	
t1	
t2	
t3	
t4	
t5	
t6	
t7	
t8	
t9	
t10	
t11	
t12	
t13	
t14	
t15	
t16	
t17	
t18	
t19	
t20	
t21	
t22	
t23	
t24	
t25	
t26	
t27	
t28	
t29	
t30	
l_a	
l_b	
l_c	
l_d	
l_e	
l_f	
l_g	
l_h	
l_i	
l_j	
l_k	
l_l	
l_m	
l_n	
l_o	
l_p	
l_q	
l_r	
l_s	
l_t	
l_u	
l_v	
l_w	
l_x	
l_y	
l_z	
warning	warning
caution	caution
traffic	traffic
advisory	advisory
test_callout	test callout
inside	inside
entering	entering
tfr	tfr
tfr_letters	t f r
geofence	geofence
protected_area	protected area
zone	zone
ops_area	ops area
advisory_area	advisory area
drone_circle	drone circle
circle	circle
area	area
north	north
northeast	northeast
east	east
southeast	southeast
south	south
southwest	southwest
west	west
northwest	northwest
feet	feet
miles	miles
mile	mile
above	above
below	below
same_altitude	same altitude
altitude_unknown	altitude unknown
unknown	unknown
altitude	altitude
level	level
climbing	climbing
descending	descending
closest	closest
in	in
seconds	seconds
second	second
converging	converging
diverging	diverging
passing	passing
closing	closing
passing_diverging	passing diverging
clear	clear
clear_diverging	clear diverging
track_lost	track lost
on_the_ground	on the ground
hex	hex
watching	watching
now_watching	now watching
this_controllers_aircraft	this controller's aircraft
waiting_for_this_controllers_aircraft	waiting for this controller's aircraft
no_aircraft_pinned	no aircraft pinned
protecting_this_controller	protecting this controller
no_drone_selected	no drone selected
controller_gps_unavailable	controller gps unavailable
nothing_protected	nothing protected
controller_gps_regained	controller gps regained
drone_position_lost	drone position lost
drone_position_still_lost	drone position still lost
drone_position_regained	drone position regained
no_drone_position	no drone position
using	using
manual_position	manual position
controller_gps	controller gps
fleet_feed	fleet feed
dronesense	dronesense
flight_deck_air	flight deck air
replay	replay
drone_feed_lost	drone feed lost
traffic_data_stale	traffic data stale
traffic_data_restored	traffic data restored
drone_feed	drone feed
station_link	station link
cloud_traffic	cloud traffic
tfr_data	t f r data
lost	lost
not_reachable	not reachable
regained	regained
station_link_lost	station link lost
station_link_regained	station link regained
sentry_armed	sentry armed
sentry_disarmed	sentry disarmed
replay_starting	replay starting
update_available	update available
